{
    "gitbook": ">=2.0.0",
    "title": "http2讲解",
    "pdf": {
        "fontSize": 18
    },
    "plugins": [
        "-sharing",
        "-search"
    ],
    "info": {
        "name": "http2-explained",
        "name_cn": "http2讲解",
        "md5": "329543df689d2050b4b8dcc0b92a9594",
        "icon_url": "http://emanualresource.github.io/resource/icons/http2-explained.png",
        "url": "http://emanualresource.github.io/book-http2-explained/dist/book.zip",
        "author": "Daniel Stenberg",
        "homepage": "https://github.com/bagder/http2-explained",
        "maintainers": [
            {
                "name": "Jayin Ton",
                "email": "tonjayin@gmail.com"
            }
        ]
    }
}
